"0","testCorr$HasCoSigner
"
"1","   [1]"
"1"," 0"
"1"," 0"
"1"," 0"
"1"," 0"
"1"," 0"
"1"," 0"
"1"," 0"
"1"," 0"
"1"," 0"
"1"," 0"
"1"," 0"
"1"," 0"
"1"," 0"
"1"," 0"
"1"," 0"
"1"," 0"
"1"," 0"
"1"," 0"
"1"," 0"
"1"," 0"
"1"," 0"
"1"," 0"
"1"," 0"
"1"," 0"
"1"," 0"
"1"," 0"
"1"," 0"
"1"," 0"
"1"," 0"
"1"," 0"
"1"," 0"
"1"," 0"
"1"," 0"
"1"," 0"
"1"," 0"
"1"," 0"
"1"," 0"
"1"," 0"
"1"," 0"
"1"," 0"
"1"," 0"
"1"," 0"
"1"," 0"
"1"," 0"
"1"," 0"
"1"," 0"
"1","
"
"1","  [47]"
"1"," 0"
"1"," 0"
"1"," 0"
"1"," 0"
"1"," 0"
"1"," 0"
"1"," 0"
"1"," 0"
"1"," 0"
"1"," 0"
"1"," 0"
"1"," 0"
"1"," 0"
"1"," 0"
"1"," 0"
"1"," 0"
"1"," 0"
"1"," 0"
"1"," 0"
"1"," 0"
"1"," 0"
"1"," 0"
"1"," 0"
"1"," 0"
"1"," 0"
"1"," 0"
"1"," 0"
"1"," 0"
"1"," 0"
"1"," 0"
"1"," 0"
"1"," 0"
"1"," 0"
"1"," 0"
"1"," 0"
"1"," 0"
"1"," 0"
"1"," 0"
"1"," 0"
"1"," 0"
"1"," 0"
"1"," 0"
"1"," 0"
"1"," 0"
"1"," 0"
"1"," 0"
"1","
"
"1","  [93]"
"1"," 0"
"1"," 0"
"1"," 0"
"1"," 0"
"1"," 0"
"1"," 0"
"1"," 0"
"1"," 0"
"1"," 0"
"1"," 0"
"1"," 0"
"1"," 0"
"1"," 0"
"1"," 0"
"1"," 0"
"1"," 0"
"1"," 0"
"1"," 0"
"1"," 0"
"1"," 0"
"1"," 0"
"1"," 0"
"1"," 0"
"1"," 0"
"1"," 0"
"1"," 0"
"1"," 0"
"1"," 0"
"1"," 0"
"1"," 0"
"1"," 0"
"1"," 0"
"1"," 0"
"1"," 0"
"1"," 0"
"1"," 0"
"1"," 0"
"1"," 0"
"1"," 0"
"1"," 0"
"1"," 0"
"1"," 0"
"1"," 0"
"1"," 0"
"1"," 0"
"1"," 0"
"1","
"
"1"," [139]"
"1"," 0"
"1"," 0"
"1"," 0"
"1"," 0"
"1"," 0"
"1"," 0"
"1"," 0"
"1"," 0"
"1"," 0"
"1"," 0"
"1"," 0"
"1"," 0"
"1"," 0"
"1"," 0"
"1"," 0"
"1"," 0"
"1"," 0"
"1"," 0"
"1"," 0"
"1"," 0"
"1"," 0"
"1"," 0"
"1"," 0"
"1"," 0"
"1"," 0"
"1"," 0"
"1"," 0"
"1"," 0"
"1"," 0"
"1"," 0"
"1"," 0"
"1"," 0"
"1"," 0"
"1"," 0"
"1"," 0"
"1"," 0"
"1"," 0"
"1"," 0"
"1"," 0"
"1"," 0"
"1"," 0"
"1"," 0"
"1"," 0"
"1"," 0"
"1"," 0"
"1"," 0"
"1","
"
"1"," [185]"
"1"," 0"
"1"," 0"
"1"," 0"
"1"," 0"
"1"," 0"
"1"," 0"
"1"," 0"
"1"," 0"
"1"," 0"
"1"," 0"
"1"," 0"
"1"," 0"
"1"," 0"
"1"," 0"
"1"," 0"
"1"," 0"
"1"," 0"
"1"," 0"
"1"," 0"
"1"," 0"
"1"," 0"
"1"," 0"
"1"," 0"
"1"," 0"
"1"," 0"
"1"," 0"
"1"," 0"
"1"," 0"
"1"," 0"
"1"," 0"
"1"," 0"
"1"," 0"
"1"," 0"
"1"," 0"
"1"," 0"
"1"," 0"
"1"," 0"
"1"," 0"
"1"," 0"
"1"," 0"
"1"," 0"
"1"," 0"
"1"," 0"
"1"," 0"
"1"," 0"
"1"," 0"
"1","
"
"1"," [231]"
"1"," 0"
"1"," 0"
"1"," 0"
"1"," 0"
"1"," 0"
"1"," 0"
"1"," 0"
"1"," 0"
"1"," 0"
"1"," 0"
"1"," 0"
"1"," 0"
"1"," 0"
"1"," 0"
"1"," 0"
"1"," 0"
"1"," 0"
"1"," 0"
"1"," 0"
"1"," 0"
"1"," 0"
"1"," 0"
"1"," 0"
"1"," 0"
"1"," 0"
"1"," 0"
"1"," 0"
"1"," 0"
"1"," 0"
"1"," 0"
"1"," 0"
"1"," 0"
"1"," 0"
"1"," 0"
"1"," 0"
"1"," 0"
"1"," 0"
"1"," 0"
"1"," 0"
"1"," 0"
"1"," 0"
"1"," 0"
"1"," 0"
"1"," 0"
"1"," 0"
"1"," 0"
"1","
"
"1"," [277]"
"1"," 0"
"1"," 0"
"1"," 0"
"1"," 0"
"1"," 0"
"1"," 0"
"1"," 0"
"1"," 0"
"1"," 0"
"1"," 0"
"1"," 0"
"1"," 0"
"1"," 0"
"1"," 0"
"1"," 0"
"1"," 0"
"1"," 0"
"1"," 0"
"1"," 0"
"1"," 0"
"1"," 0"
"1"," 0"
"1"," 0"
"1"," 0"
"1"," 0"
"1"," 0"
"1"," 0"
"1"," 0"
"1"," 0"
"1"," 0"
"1"," 0"
"1"," 0"
"1"," 0"
"1"," 0"
"1"," 0"
"1"," 0"
"1"," 0"
"1"," 0"
"1"," 0"
"1"," 0"
"1"," 0"
"1"," 0"
"1"," 0"
"1"," 0"
"1"," 0"
"1"," 0"
"1","
"
"1"," [323]"
"1"," 0"
"1"," 0"
"1"," 0"
"1"," 0"
"1"," 0"
"1"," 0"
"1"," 0"
"1"," 0"
"1"," 0"
"1"," 0"
"1"," 0"
"1"," 0"
"1"," 0"
"1"," 0"
"1"," 0"
"1"," 0"
"1"," 0"
"1"," 0"
"1"," 0"
"1"," 0"
"1"," 0"
"1"," 0"
"1"," 0"
"1"," 0"
"1"," 0"
"1"," 0"
"1"," 0"
"1"," 0"
"1"," 0"
"1"," 0"
"1"," 0"
"1"," 0"
"1"," 0"
"1"," 0"
"1"," 0"
"1"," 0"
"1"," 0"
"1"," 0"
"1"," 0"
"1"," 0"
"1"," 0"
"1"," 0"
"1"," 0"
"1"," 0"
"1"," 0"
"1"," 0"
"1","
"
"1"," [369]"
"1"," 0"
"1"," 0"
"1"," 0"
"1"," 0"
"1"," 0"
"1"," 0"
"1"," 0"
"1"," 0"
"1"," 0"
"1"," 0"
"1"," 0"
"1"," 0"
"1"," 0"
"1"," 0"
"1"," 0"
"1"," 0"
"1"," 0"
"1"," 0"
"1"," 0"
"1"," 0"
"1"," 0"
"1"," 0"
"1"," 0"
"1"," 0"
"1"," 0"
"1"," 0"
"1"," 0"
"1"," 0"
"1"," 0"
"1"," 0"
"1"," 0"
"1"," 0"
"1"," 0"
"1"," 0"
"1"," 0"
"1"," 0"
"1"," 0"
"1"," 0"
"1"," 0"
"1"," 0"
"1"," 0"
"1"," 0"
"1"," 0"
"1"," 0"
"1"," 0"
"1"," 0"
"1","
"
"1"," [415]"
"1"," 0"
"1"," 0"
"1"," 0"
"1"," 0"
"1"," 0"
"1"," 0"
"1"," 0"
"1"," 0"
"1"," 0"
"1"," 0"
"1"," 0"
"1"," 0"
"1"," 0"
"1"," 0"
"1"," 0"
"1"," 0"
"1"," 0"
"1"," 0"
"1"," 0"
"1"," 0"
"1"," 0"
"1"," 0"
"1"," 0"
"1"," 0"
"1"," 0"
"1"," 0"
"1"," 0"
"1"," 0"
"1"," 0"
"1"," 0"
"1"," 0"
"1"," 0"
"1"," 0"
"1"," 0"
"1"," 0"
"1"," 0"
"1"," 0"
"1"," 0"
"1"," 0"
"1"," 0"
"1"," 0"
"1"," 0"
"1"," 0"
"1"," 0"
"1"," 0"
"1"," 0"
"1","
"
"1"," [461]"
"1"," 0"
"1"," 0"
"1"," 0"
"1"," 0"
"1"," 0"
"1"," 0"
"1"," 0"
"1"," 0"
"1"," 0"
"1"," 0"
"1"," 0"
"1"," 0"
"1"," 0"
"1"," 0"
"1"," 0"
"1"," 0"
"1"," 0"
"1"," 0"
"1"," 0"
"1"," 0"
"1"," 0"
"1"," 0"
"1"," 0"
"1"," 0"
"1"," 0"
"1"," 0"
"1"," 0"
"1"," 0"
"1"," 0"
"1"," 0"
"1"," 0"
"1"," 0"
"1"," 0"
"1"," 0"
"1"," 0"
"1"," 0"
"1"," 0"
"1"," 0"
"1"," 0"
"1"," 0"
"1"," 0"
"1"," 0"
"1"," 0"
"1"," 0"
"1"," 0"
"1"," 0"
"1","
"
"1"," [507]"
"1"," 0"
"1"," 0"
"1"," 0"
"1"," 0"
"1"," 0"
"1"," 0"
"1"," 0"
"1"," 0"
"1"," 0"
"1"," 0"
"1"," 0"
"1"," 0"
"1"," 0"
"1"," 0"
"1"," 0"
"1"," 0"
"1"," 0"
"1"," 0"
"1"," 0"
"1"," 0"
"1"," 0"
"1"," 0"
"1"," 0"
"1"," 0"
"1"," 0"
"1"," 0"
"1"," 0"
"1"," 0"
"1"," 0"
"1"," 0"
"1"," 0"
"1"," 0"
"1"," 0"
"1"," 0"
"1"," 0"
"1"," 0"
"1"," 0"
"1"," 0"
"1"," 0"
"1"," 0"
"1"," 0"
"1"," 0"
"1"," 0"
"1"," 0"
"1"," 0"
"1"," 0"
"1","
"
"1"," [553]"
"1"," 0"
"1"," 0"
"1"," 0"
"1"," 0"
"1"," 0"
"1"," 0"
"1"," 0"
"1"," 0"
"1"," 0"
"1"," 0"
"1"," 0"
"1"," 0"
"1"," 0"
"1"," 0"
"1"," 0"
"1"," 0"
"1"," 0"
"1"," 0"
"1"," 0"
"1"," 0"
"1"," 0"
"1"," 0"
"1"," 0"
"1"," 0"
"1"," 0"
"1"," 0"
"1"," 0"
"1"," 0"
"1"," 0"
"1"," 0"
"1"," 0"
"1"," 0"
"1"," 0"
"1"," 0"
"1"," 0"
"1"," 0"
"1"," 0"
"1"," 0"
"1"," 0"
"1"," 0"
"1"," 0"
"1"," 0"
"1"," 0"
"1"," 0"
"1"," 0"
"1"," 0"
"1","
"
"1"," [599]"
"1"," 0"
"1"," 0"
"1"," 0"
"1"," 0"
"1"," 0"
"1"," 0"
"1"," 0"
"1"," 0"
"1"," 0"
"1"," 0"
"1"," 0"
"1"," 0"
"1"," 0"
"1"," 0"
"1"," 0"
"1"," 0"
"1"," 0"
"1"," 0"
"1"," 0"
"1"," 0"
"1"," 0"
"1"," 0"
"1"," 0"
"1"," 0"
"1"," 0"
"1"," 0"
"1"," 0"
"1"," 0"
"1"," 0"
"1"," 0"
"1"," 0"
"1"," 0"
"1"," 0"
"1"," 0"
"1"," 0"
"1"," 0"
"1"," 0"
"1"," 0"
"1"," 0"
"1"," 0"
"1"," 0"
"1"," 0"
"1"," 0"
"1"," 0"
"1"," 0"
"1"," 0"
"1","
"
"1"," [645]"
"1"," 0"
"1"," 0"
"1"," 0"
"1"," 0"
"1"," 0"
"1"," 0"
"1"," 0"
"1"," 0"
"1"," 0"
"1"," 0"
"1"," 0"
"1"," 0"
"1"," 0"
"1"," 0"
"1"," 0"
"1"," 0"
"1"," 0"
"1"," 0"
"1"," 0"
"1"," 0"
"1"," 0"
"1"," 0"
"1"," 0"
"1"," 0"
"1"," 0"
"1"," 0"
"1"," 0"
"1"," 0"
"1"," 0"
"1"," 0"
"1"," 0"
"1"," 0"
"1"," 0"
"1"," 0"
"1"," 0"
"1"," 0"
"1"," 0"
"1"," 0"
"1"," 0"
"1"," 0"
"1"," 0"
"1"," 0"
"1"," 0"
"1"," 0"
"1"," 0"
"1"," 0"
"1","
"
"1"," [691]"
"1"," 0"
"1"," 0"
"1"," 0"
"1"," 0"
"1"," 0"
"1"," 0"
"1"," 0"
"1"," 0"
"1"," 0"
"1"," 0"
"1"," 0"
"1"," 0"
"1"," 0"
"1"," 0"
"1"," 0"
"1"," 0"
"1"," 0"
"1"," 0"
"1"," 0"
"1"," 0"
"1"," 0"
"1"," 0"
"1"," 0"
"1"," 0"
"1"," 0"
"1"," 0"
"1"," 0"
"1"," 0"
"1"," 0"
"1"," 0"
"1"," 0"
"1"," 0"
"1"," 0"
"1"," 0"
"1"," 0"
"1"," 0"
"1"," 0"
"1"," 0"
"1"," 0"
"1"," 0"
"1"," 0"
"1"," 0"
"1"," 0"
"1"," 0"
"1"," 0"
"1"," 0"
"1","
"
"1"," [737]"
"1"," 0"
"1"," 0"
"1"," 0"
"1"," 0"
"1"," 0"
"1"," 0"
"1"," 0"
"1"," 0"
"1"," 0"
"1"," 0"
"1"," 0"
"1"," 0"
"1"," 0"
"1"," 0"
"1"," 0"
"1"," 0"
"1"," 0"
"1"," 0"
"1"," 0"
"1"," 0"
"1"," 0"
"1"," 0"
"1"," 0"
"1"," 0"
"1"," 0"
"1"," 0"
"1"," 0"
"1"," 0"
"1"," 0"
"1"," 0"
"1"," 0"
"1"," 0"
"1"," 0"
"1"," 0"
"1"," 0"
"1"," 0"
"1"," 0"
"1"," 0"
"1"," 0"
"1"," 0"
"1"," 0"
"1"," 0"
"1"," 0"
"1"," 0"
"1"," 0"
"1"," 0"
"1","
"
"1"," [783]"
"1"," 0"
"1"," 0"
"1"," 0"
"1"," 0"
"1"," 0"
"1"," 0"
"1"," 0"
"1"," 0"
"1"," 0"
"1"," 0"
"1"," 0"
"1"," 0"
"1"," 0"
"1"," 0"
"1"," 0"
"1"," 0"
"1"," 0"
"1"," 0"
"1"," 0"
"1"," 0"
"1"," 0"
"1"," 0"
"1"," 0"
"1"," 0"
"1"," 0"
"1"," 0"
"1"," 0"
"1"," 0"
"1"," 0"
"1"," 0"
"1"," 0"
"1"," 0"
"1"," 0"
"1"," 0"
"1"," 0"
"1"," 0"
"1"," 0"
"1"," 0"
"1"," 0"
"1"," 0"
"1"," 0"
"1"," 0"
"1"," 0"
"1"," 0"
"1"," 0"
"1"," 0"
"1","
"
"1"," [829]"
"1"," 0"
"1"," 0"
"1"," 0"
"1"," 0"
"1"," 0"
"1"," 0"
"1"," 0"
"1"," 0"
"1"," 0"
"1"," 0"
"1"," 0"
"1"," 0"
"1"," 0"
"1"," 0"
"1"," 0"
"1"," 0"
"1"," 0"
"1"," 0"
"1"," 0"
"1"," 0"
"1"," 0"
"1"," 0"
"1"," 0"
"1"," 0"
"1"," 0"
"1"," 0"
"1"," 0"
"1"," 0"
"1"," 0"
"1"," 0"
"1"," 0"
"1"," 0"
"1"," 0"
"1"," 0"
"1"," 0"
"1"," 0"
"1"," 0"
"1"," 0"
"1"," 0"
"1"," 0"
"1"," 0"
"1"," 0"
"1"," 0"
"1"," 0"
"1"," 0"
"1"," 0"
"1","
"
"1"," [875]"
"1"," 0"
"1"," 0"
"1"," 0"
"1"," 0"
"1"," 0"
"1"," 0"
"1"," 0"
"1"," 0"
"1"," 0"
"1"," 0"
"1"," 0"
"1"," 0"
"1"," 0"
"1"," 0"
"1"," 0"
"1"," 0"
"1"," 0"
"1"," 0"
"1"," 0"
"1"," 0"
"1"," 0"
"1"," 0"
"1"," 0"
"1"," 0"
"1"," 0"
"1"," 0"
"1"," 0"
"1"," 0"
"1"," 0"
"1"," 0"
"1"," 0"
"1"," 0"
"1"," 0"
"1"," 0"
"1"," 0"
"1"," 0"
"1"," 0"
"1"," 0"
"1"," 0"
"1"," 0"
"1"," 0"
"1"," 0"
"1"," 0"
"1"," 0"
"1"," 0"
"1"," 0"
"1","
"
"1"," [921]"
"1"," 0"
"1"," 0"
"1"," 0"
"1"," 0"
"1"," 0"
"1"," 0"
"1"," 0"
"1"," 0"
"1"," 0"
"1"," 0"
"1"," 0"
"1"," 0"
"1"," 0"
"1"," 0"
"1"," 0"
"1"," 0"
"1"," 0"
"1"," 0"
"1"," 0"
"1"," 0"
"1"," 0"
"1"," 0"
"1"," 0"
"1"," 0"
"1"," 0"
"1"," 0"
"1"," 0"
"1"," 0"
"1"," 0"
"1"," 0"
"1"," 0"
"1"," 0"
"1"," 0"
"1"," 0"
"1"," 0"
"1"," 0"
"1"," 0"
"1"," 0"
"1"," 0"
"1"," 0"
"1"," 0"
"1"," 0"
"1"," 0"
"1"," 0"
"1"," 0"
"1"," 0"
"1","
"
"1"," [967]"
"1"," 0"
"1"," 0"
"1"," 0"
"1"," 0"
"1"," 0"
"1"," 0"
"1"," 0"
"1"," 0"
"1"," 0"
"1"," 0"
"1"," 0"
"1"," 0"
"1"," 0"
"1"," 0"
"1"," 0"
"1"," 0"
"1"," 0"
"1"," 0"
"1"," 0"
"1"," 0"
"1"," 0"
"1"," 0"
"1"," 0"
"1"," 0"
"1"," 0"
"1"," 0"
"1"," 0"
"1"," 0"
"1"," 0"
"1"," 0"
"1"," 0"
"1"," 0"
"1"," 0"
"1"," 0"
"1","
"
"1"," [ reached getOption(""max.print"") -- omitted 254347 entries ]
"
