"0","library(tidyverse)
"
"2","Warning: package â€˜tidyverseâ€™ was built under R version 4.3.1"
"2","â”€â”€ [1mAttaching core tidyverse packages[22m â”€â”€â”€â”€â”€â”€â”€â”€â”€â”€â”€â”€â”€â”€â”€â”€â”€â”€â”€â”€â”€â”€â”€â”€â”€â”€â”€â”€â”€â”€â”€â”€â”€â”€â”€â”€â”€â”€â”€â”€â”€â”€â”€â”€â”€â”€â”€â”€â”€â”€â”€â”€â”€â”€â”€â”€â”€â”€ tidyverse 2.0.0 â”€â”€
[32mâœ”[39m [34mforcats  [39m 1.0.0     [32mâœ”[39m [34mtibble   [39m 3.2.1
[32mâœ”[39m [34mlubridate[39m 1.9.2     [32mâœ”[39m [34mtidyr    [39m 1.3.0
[32mâœ”[39m [34mpurrr    [39m 1.0.1     "
"2","â”€â”€ [1mConflicts[22m â”€â”€â”€â”€â”€â”€â”€â”€â”€â”€â”€â”€â”€â”€â”€â”€â”€â”€â”€â”€â”€â”€â”€â”€â”€â”€â”€â”€â”€â”€â”€â”€â”€â”€â”€â”€â”€â”€â”€â”€â”€â”€â”€â”€â”€â”€â”€â”€â”€â”€â”€â”€â”€â”€â”€â”€â”€â”€â”€â”€â”€â”€â”€â”€â”€â”€â”€â”€â”€â”€â”€â”€â”€â”€â”€â”€ tidyverse_conflicts() â”€â”€
[31mâœ–[39m [34mstrucchange[39m::[32mboundary()[39m masks [34mstringr[39m::boundary()
[31mâœ–[39m [34mdplyr[39m::[32mcombine()[39m        masks [34mrandomForest[39m::combine()
[31mâœ–[39m [34mtidyr[39m::[32mexpand()[39m         masks [34mMatrix[39m::expand()
[31mâœ–[39m [34mdplyr[39m::[32mfilter()[39m         masks [34mstats[39m::filter()
[31mâœ–[39m [34mdplyr[39m::[32mlag()[39m            masks [34mstats[39m::lag()
[31mâœ–[39m [34mpurrr[39m::[32mlift()[39m           masks [34mcaret[39m::lift()
[31mâœ–[39m [34mggplot2[39m::[32mmargin()[39m       masks [34mrandomForest[39m::margin()
[31mâœ–[39m [34mtidyr[39m::[32mpack()[39m           masks [34mMatrix[39m::pack()
[31mâœ–[39m [34mtidyr[39m::[32munpack()[39m         masks [34mMatrix[39m::unpack()
[31mâœ–[39m [34mparty[39m::[32mwhere()[39m          masks [34mdplyr[39m::where()
[36mâ„¹[39m Use the ]8;;http://conflicted.r-lib.org/conflicted package]8;; to force all conflicts to become errors"
