"0","predict(rf_model1, newdata = election_data_test)
"
"1","        1738 "
"1","        1739 "
"1","        1740 "
"1","        1741 "
"1","        1742 "
"1","        1743 "
"1","        1744 "
"1","        1745 "
"1","
"
"1"," 11.49968760 "
"1"," 16.30642016 "
"1","-24.15994874 "
"1"," 20.63140961 "
"1","-19.06433345 "
"1","  0.39524531 "
"1","  5.55405081 "
"1"," 13.55607953 "
"1","
"
"1","        1746 "
"1","        1747 "
"1","        1748 "
"1","        1749 "
"1","        1750 "
"1","        1751 "
"1","        1752 "
"1","        1753 "
"1","
"
"1"," -2.46273740 "
"1","  6.19378748 "
"1","  0.03343666 "
"1","  9.32622752 "
"1"," -0.51002581 "
"1"," -9.19752221 "
"1","  4.96152556 "
"1"," -2.48170405 "
"1","
"
"1","        1754 "
"1","        1755 "
"1","        1756 "
"1","        1757 "
"1","        1758 "
"1","        1759 "
"1","        1760 "
"1","        1761 "
"1","
"
"1"," 19.43512735 "
"1","  0.43433375 "
"1"," 10.03786454 "
"1","-10.80162808 "
"1","  9.79090644 "
"1","  9.15431328 "
"1","  6.20007523 "
"1"," -2.76818900 "
"1","
"
"1","        1762 "
"1","        1763 "
"1","        1764 "
"1","        1765 "
"1","        1766 "
"1","        1767 "
"1","        1768 "
"1","        1769 "
"1","
"
"1","-11.37616232 "
"1","  9.71844731 "
"1"," 11.74991030 "
"1","  6.70165490 "
"1"," 11.16687243 "
"1","  2.79760887 "
"1"," -5.75418745 "
"1","  1.00052958 "
"1","
"
"1","        1770 "
"1","        1771 "
"1","        1772 "
"1","        1773 "
"1","        1774 "
"1","        1775 "
"1","        1776 "
"1","        1777 "
"1","
"
"1"," -0.27808889 "
"1"," -0.07136755 "
"1","  6.38072768 "
"1","  9.06088912 "
"1","  8.06598727 "
"1"," -1.56341169 "
"1","  6.20093080 "
"1"," -5.25346870 "
"1","
"
"1","        1778 "
"1","        1779 "
"1","        1780 "
"1","        1781 "
"1","        1782 "
"1","        1783 "
"1","        1784 "
"1","        1785 "
"1","
"
"1"," -0.97125749 "
"1","  4.43408753 "
"1","  0.31447991 "
"1"," -1.88822347 "
"1"," 11.20575307 "
"1"," -0.49967211 "
"1","  2.49468403 "
"1","  7.51675155 "
"1","
"
"1","        1786 "
"1","        1787 "
"1","        1788 "
"1","        1789 "
"1","        1790 "
"1","        1791 "
"1","        1792 "
"1","        1793 "
"1","
"
"1","  1.67679455 "
"1"," 11.73117024 "
"1","  8.24325493 "
"1"," 18.31446173 "
"1","  4.08774099 "
"1"," 10.57634814 "
"1","  4.26493166 "
"1"," -0.98288584 "
"1","
"
"1","        1794 "
"1","        1795 "
"1","        1796 "
"1","        1797 "
"1","        1798 "
"1","        1799 "
"1","        1800 "
"1","        1801 "
"1","
"
"1"," -2.06724496 "
"1"," -2.69939611 "
"1"," -5.43823198 "
"1"," 19.60266832 "
"1","  7.76297382 "
"1","  3.87317713 "
"1","  2.92162624 "
"1"," -3.87202405 "
"1","
"
"1","        1802 "
"1","        1803 "
"1","        1804 "
"1","        1805 "
"1","        1806 "
"1","        1807 "
"1","        1808 "
"1","        1809 "
"1","
"
"1","  0.16788204 "
"1","  6.28504230 "
"1","  5.87688321 "
"1","  2.85906915 "
"1","  6.44478027 "
"1","  0.82488080 "
"1","  6.64417321 "
"1","  3.30998269 "
"1","
"
"1","        1810 "
"1","        1811 "
"1","        1812 "
"1","        1813 "
"1","        1814 "
"1","        1815 "
"1","        1816 "
"1","        1817 "
"1","
"
"1","  2.90292812 "
"1","  0.93366742 "
"1"," -0.16070709 "
"1"," -5.59580637 "
"1","-53.31708244 "
"1"," -4.70664850 "
"1","  6.63380697 "
"1","-20.36207564 "
"1","
"
"1","        1818 "
"1","        1819 "
"1","        1820 "
"1","        1821 "
"1","        1822 "
"1","        1823 "
"1","        1824 "
"1","        1825 "
"1","
"
"1","  0.79827663 "
"1","  9.80658551 "
"1","-19.53533583 "
"1","-34.02509311 "
"1","  1.42918513 "
"1"," -2.09198063 "
"1"," -3.98941766 "
"1","-11.42843050 "
"1","
"
"1","        1826 "
"1","        1827 "
"1","        1828 "
"1","        1829 "
"1","        1830 "
"1","        1831 "
"1","        1832 "
"1","        1833 "
"1","
"
"1"," -2.97770238 "
"1","  3.70205898 "
"1","-18.01301354 "
"1"," -0.29489027 "
"1"," -8.36723106 "
"1"," 25.09405347 "
"1","  6.78916540 "
"1","  4.82662524 "
"1","
"
"1","        1834 "
"1","        1835 "
"1","        1836 "
"1","        1837 "
"1","        1838 "
"1","        1839 "
"1","        1840 "
"1","        1841 "
"1","
"
"1"," 18.02098054 "
"1"," -8.43391322 "
"1","  3.50564303 "
"1"," -6.95260907 "
"1"," 11.33589965 "
"1","  6.42589256 "
"1","-43.97806953 "
"1","  4.70667686 "
"1","
"
"1","        1842 "
"1","        1843 "
"1","        1844 "
"1","        1845 "
"1","        1846 "
"1","        1847 "
"1","        1848 "
"1","        1849 "
"1","
"
"1"," 11.59739551 "
"1","-16.19160057 "
"1"," 18.93298494 "
"1","  4.33787246 "
"1","  2.28734703 "
"1","-11.06629246 "
"1","  6.18415399 "
"1","-33.73665109 "
"1","
"
"1","        1850 "
"1","        1851 "
"1","        1852 "
"1","        1853 "
"1","        1854 "
"1","        1855 "
"1","        1856 "
"1","        1857 "
"1","
"
"1","-16.83316970 "
"1","-17.92789222 "
"1"," -1.08584249 "
"1","-40.20243302 "
"1","-14.73160415 "
"1"," -0.54731830 "
"1"," -5.74638791 "
"1","-32.02597380 "
"1","
"
"1","        1858 "
"1","        1859 "
"1","        1860 "
"1","        1861 "
"1","        1862 "
"1","        1863 "
"1","        1864 "
"1","        1865 "
"1","
"
"1"," -2.90998347 "
"1","  4.17254429 "
"1"," -6.18999372 "
"1"," -1.09003033 "
"1","  4.41706357 "
"1"," -3.43996867 "
"1","-13.20291347 "
"1","  3.44786350 "
"1","
"
"1","        1866 "
"1","        1867 "
"1","        1868 "
"1","        1869 "
"1","        1870 "
"1","        1871 "
"1","        1872 "
"1","        1873 "
"1","
"
"1","-46.78594489 "
"1","  7.03678763 "
"1"," -4.08596825 "
"1"," -4.51691959 "
"1","  5.30939733 "
"1"," -8.06878579 "
"1"," -1.62075553 "
"1","-14.40227639 "
"1","
"
"1","        1874 "
"1","        1875 "
"1","        1876 "
"1","        1877 "
"1","        1878 "
"1","        1879 "
"1","        1880 "
"1","        1881 "
"1","
"
"1","  0.04615835 "
"1","  4.62752110 "
"1"," -2.61406498 "
"1"," -8.31108736 "
"1","-15.59111028 "
"1","-53.89891244 "
"1","  1.09077910 "
"1","  1.42263936 "
"1","
"
"1","        1882 "
"1","        1883 "
"1","        1884 "
"1","        1885 "
"1","        1886 "
"1","        1887 "
"1","        1888 "
"1","        1889 "
"1","
"
"1","  7.79655906 "
"1"," -6.51377571 "
"1","-23.96567429 "
"1","  0.31710145 "
"1","-38.20570610 "
"1","  1.19767526 "
"1","  0.93997574 "
"1","-11.36144735 "
"1","
"
"1","        1890 "
"1","        1891 "
"1","        1892 "
"1","        1893 "
"1","        1894 "
"1","        1895 "
"1","        1896 "
"1","        1897 "
"1","
"
"1"," -3.20216466 "
"1"," -8.41952653 "
"1","-12.72912802 "
"1"," 12.03659644 "
"1","  7.32072086 "
"1","-56.63079919 "
"1","  9.04313564 "
"1","-15.77494471 "
"1","
"
"1","        1898 "
"1","        1899 "
"1","        1900 "
"1","        1901 "
"1","        1902 "
"1","        1903 "
"1","        1904 "
"1","        1905 "
"1","
"
"1"," -3.11816801 "
"1","  4.01670877 "
"1","  6.82959809 "
"1","  7.12346023 "
"1","  3.54331656 "
"1"," -9.42547792 "
"1"," 10.68651337 "
"1","-16.74239914 "
"1","
"
"1","        1906 "
"1","        1907 "
"1","        1908 "
"1","        1909 "
"1","        1910 "
"1","        1911 "
"1","        1912 "
"1","        1913 "
"1","
"
"1","  4.48028798 "
"1"," -7.71392976 "
"1","-15.75866825 "
"1","-14.81101784 "
"1","-21.49225677 "
"1"," -0.19012676 "
"1","-26.40795569 "
"1"," -1.08636958 "
"1","
"
"1","        1914 "
"1","        1915 "
"1","        1916 "
"1","        1917 "
"1","        1918 "
"1","        1919 "
"1","        1920 "
"1","        1921 "
"1","
"
"1","-32.30123673 "
"1","  4.88660109 "
"1"," -4.80017176 "
"1","-36.18140516 "
"1","-17.21263318 "
"1","  3.51132748 "
"1","-12.12500370 "
"1","  5.93349914 "
"1","
"
"1","        1922 "
"1","        1923 "
"1","        1924 "
"1","        1925 "
"1","        1926 "
"1","        1927 "
"1","        1928 "
"1","        1929 "
"1","
"
"1","  0.96278674 "
"1","-14.11569193 "
"1","  2.05983085 "
"1","  4.67148131 "
"1"," 13.71426313 "
"1","  2.11167283 "
"1","-28.10179365 "
"1","-36.23823723 "
"1","
"
"1","        1930 "
"1","        1931 "
"1","        1932 "
"1","        1933 "
"1","        1934 "
"1","        1935 "
"1","        1936 "
"1","        1937 "
"1","
"
"1","-28.03471881 "
"1","-19.61747735 "
"1"," -0.42493332 "
"1","-21.06287238 "
"1","-25.01286331 "
"1"," -8.90505941 "
"1","-28.60966776 "
"1","-18.21150206 "
"1","
"
"1","        1938 "
"1","        1939 "
"1","        1940 "
"1","        1941 "
"1","        1942 "
"1","        1943 "
"1","        1944 "
"1","        1945 "
"1","
"
"1","  2.01870721 "
"1","-29.86871277 "
"1","-18.00378069 "
"1"," -7.19136697 "
"1","-18.32171564 "
"1","-13.17138564 "
"1"," -1.27281724 "
"1","-26.98015557 "
"1","
"
"1","        1946 "
"1","        1947 "
"1","        1948 "
"1","        1949 "
"1","        1950 "
"1","        1951 "
"1","        1952 "
"1","        1953 "
"1","
"
"1"," -9.44362022 "
"1","-32.62022683 "
"1"," 24.89383877 "
"1","-25.26391267 "
"1"," -7.75805950 "
"1"," -2.45654350 "
"1","-34.28470068 "
"1","-16.78886950 "
"1","
"
"1","        1954 "
"1","        1955 "
"1","        1956 "
"1","        1957 "
"1","        1958 "
"1","        1959 "
"1","        1960 "
"1","        1961 "
"1","
"
"1","  2.19598973 "
"1","  5.86410429 "
"1","-25.73763253 "
"1","-15.30772903 "
"1","-18.22470116 "
"1","-26.24705118 "
"1","-25.85547698 "
"1","-15.58102874 "
"1","
"
"1","        1962 "
"1","        1963 "
"1","        1964 "
"1","        1965 "
"1","        1966 "
"1","        1967 "
"1","        1968 "
"1","        1969 "
"1","
"
"1","  9.44120604 "
"1","-21.64543042 "
"1","-23.91398338 "
"1","-34.15240707 "
"1"," 25.24338518 "
"1","-23.96956514 "
"1","-21.21683218 "
"1","-28.84152483 "
"1","
"
"1","        1970 "
"1","        1971 "
"1","        1972 "
"1","        1973 "
"1","        1974 "
"1","        1975 "
"1","        1976 "
"1","        1977 "
"1","
"
"1","-10.71136861 "
"1","-30.51154074 "
"1","-30.16025430 "
"1","-24.27494106 "
"1","-23.36456736 "
"1"," -0.11010338 "
"1","-24.65090307 "
"1","  4.18273184 "
"1","
"
"1","        1978 "
"1","        1979 "
"1","        1980 "
"1","        1981 "
"1","        1982 "
"1","        1983 "
"1","        1984 "
"1","        1985 "
"1","
"
"1","-16.66571660 "
"1","-19.10442594 "
"1","-13.02905320 "
"1","-17.40456080 "
"1","-25.86146892 "
"1","-32.10954689 "
"1"," 18.70554716 "
"1","-13.84575376 "
"1","
"
"1","        1986 "
"1","        1987 "
"1","        1988 "
"1","        1989 "
"1","        1990 "
"1","        1991 "
"1","        1992 "
"1","        1993 "
"1","
"
"1"," -4.46255308 "
"1","-27.18705100 "
"1","-23.01894242 "
"1","  3.26259830 "
"1","-15.93858555 "
"1","  1.64489020 "
"1","  9.22967196 "
"1","-28.23092527 "
"1","
"
"1","        1994 "
"1","        1995 "
"1","        1996 "
"1","        1997 "
"1","        1998 "
"1","        1999 "
"1","        2000 "
"1","        2001 "
"1","
"
"1","-23.22511130 "
"1","-16.38293150 "
"1"," -6.54166439 "
"1"," -0.69049101 "
"1"," -9.91524185 "
"1"," -2.33469000 "
"1","-20.75416139 "
"1","-27.05455532 "
"1","
"
"1","        2002 "
"1","        2003 "
"1","        2004 "
"1","        2005 "
"1","        2006 "
"1","        2007 "
"1","        2008 "
"1","        2009 "
"1","
"
"1","-18.98834695 "
"1","-25.87478796 "
"1","-14.02158634 "
"1","  6.07626842 "
"1","  0.05360183 "
"1"," 11.86949580 "
"1","-29.99766248 "
"1"," 11.29564425 "
"1","
"
"1","        2010 "
"1","        2011 "
"1","        2012 "
"1","        2013 "
"1","        2014 "
"1","        2015 "
"1","        2016 "
"1","        2017 "
"1","
"
"1","  2.14627082 "
"1","-27.68949618 "
"1","-26.59955437 "
"1","-22.76772366 "
"1","-25.33725831 "
"1","  2.18795430 "
"1","-27.14220869 "
"1","-13.67740462 "
"1","
"
"1","        2018 "
"1","        2019 "
"1","        2020 "
"1","        2021 "
"1","        2022 "
"1","        2023 "
"1","        2024 "
"1","        2025 "
"1","
"
"1","-22.60822382 "
"1","-28.90273676 "
"1","-17.06013713 "
"1","  0.35407783 "
"1","  5.43230597 "
"1","-15.85010357 "
"1","-17.71677678 "
"1","-20.89388977 "
"1","
"
"1","        2026 "
"1","        2027 "
"1","        2028 "
"1","        2029 "
"1","        2030 "
"1","        2031 "
"1","        2032 "
"1","        2033 "
"1","
"
"1"," -2.31621665 "
"1"," 12.20371204 "
"1","-32.23912208 "
"1","-29.27143841 "
"1","-10.30217481 "
"1","-15.77394661 "
"1","-22.26510736 "
"1"," -9.08548682 "
"1","
"
"1","        2034 "
"1","        2035 "
"1","        2036 "
"1","        2037 "
"1","        2038 "
"1","        2039 "
"1","        2040 "
"1","        2041 "
"1","
"
"1"," 15.94141296 "
"1","  9.75615019 "
"1"," -8.07398199 "
"1"," -1.07650597 "
"1","-17.36419949 "
"1"," -3.47693206 "
"1","-23.68716208 "
"1","-19.40014279 "
"1","
"
"1","        2042 "
"1","        2043 "
"1","        2044 "
"1","        2045 "
"1","        2046 "
"1","        2047 "
"1","        2048 "
"1","        2049 "
"1","
"
"1","-25.29143771 "
"1","-25.28495098 "
"1","-32.32020178 "
"1"," -3.66429568 "
"1","-28.38635999 "
"1","-25.32990720 "
"1"," -5.03551625 "
"1","-25.20552804 "
"1","
"
"1","        2050 "
"1","        2051 "
"1","        2052 "
"1","        2053 "
"1","        2054 "
"1","        2055 "
"1","        2056 "
"1","        2057 "
"1","
"
"1","-14.07487446 "
"1","-19.57136586 "
"1","  5.55781547 "
"1","-21.98249555 "
"1","  1.61218918 "
"1","  2.65039962 "
"1"," -4.78705287 "
"1","-28.42591753 "
"1","
"
"1","        2058 "
"1","        2059 "
"1","        2060 "
"1","        2061 "
"1","        2062 "
"1","        2063 "
"1","        2064 "
"1","        2065 "
"1","
"
"1","-30.42019575 "
"1"," -7.95842544 "
"1","  0.16409674 "
"1"," -7.73236495 "
"1","-24.04471908 "
"1","-17.45502333 "
"1"," -4.25779785 "
"1","-13.40917447 "
"1","
"
"1","        2066 "
"1","        2067 "
"1","        2068 "
"1","        2069 "
"1","        2070 "
"1","        2071 "
"1","        2072 "
"1","        2073 "
"1","
"
"1","-30.59594397 "
"1","-24.38097454 "
"1","-28.39661108 "
"1"," -0.26416236 "
"1","-24.62700837 "
"1","-15.89803352 "
"1","-16.67695133 "
"1","-26.48264385 "
"1","
"
"1","        2074 "
"1","        2075 "
"1","        2076 "
"1","        2077 "
"1","        2078 "
"1","        2079 "
"1","        2080 "
"1","        2081 "
"1","
"
"1","  4.43340901 "
"1","-17.64117023 "
"1","-19.98282139 "
"1","-25.93533594 "
"1","-13.26144314 "
"1","-16.61537557 "
"1","-28.67255630 "
"1","-26.24414690 "
"1","
"
"1","        2082 "
"1","        2083 "
"1","        2084 "
"1","        2085 "
"1","        2086 "
"1","        2087 "
"1","        2088 "
"1","        2089 "
"1","
"
"1","-21.42336340 "
"1"," -5.95686646 "
"1","  4.03305000 "
"1","-11.88987331 "
"1","-24.07498478 "
"1","-14.38392550 "
"1"," -0.38207680 "
"1","-15.92608134 "
"1","
"
"1","        2090 "
"1","        2091 "
"1","        2092 "
"1","        2093 "
"1","        2094 "
"1","        2095 "
"1","        2096 "
"1","        2097 "
"1","
"
"1","-22.37356443 "
"1","-23.04998383 "
"1","-17.75885957 "
"1","-28.34286921 "
"1","-24.80485833 "
"1"," 11.46131796 "
"1","-13.28635423 "
"1","-28.13459473 "
"1","
"
"1","        2098 "
"1","        2099 "
"1","        2100 "
"1","        2101 "
"1","        2102 "
"1","        2103 "
"1","        2104 "
"1","        2105 "
"1","
"
"1","-31.11349788 "
"1","-30.40523371 "
"1","-29.03997497 "
"1","-21.47804435 "
"1"," 14.57450059 "
"1","-31.30311728 "
"1","-11.43216391 "
"1","-39.76504819 "
"1","
"
"1","        2106 "
"1","        2107 "
"1","        2108 "
"1","        2109 "
"1","        2110 "
"1","        2111 "
"1","        2112 "
"1","        2113 "
"1","
"
"1"," -6.39565226 "
"1","-25.88839038 "
"1","-28.04185082 "
"1","-29.19212732 "
"1","-17.88661839 "
"1","-17.20778884 "
"1"," -4.86771135 "
"1","-21.49097109 "
"1","
"
"1","        2114 "
"1","        2115 "
"1","        2116 "
"1","        2117 "
"1","        2118 "
"1","        2119 "
"1","        2120 "
"1","        2121 "
"1","
"
"1"," 11.01369306 "
"1","  5.41286241 "
"1","  2.63581142 "
"1","-32.52132718 "
"1","-24.55652766 "
"1"," -1.44733221 "
"1","-28.11272078 "
"1","-15.43931144 "
"1","
"
"1","        2122 "
"1","        2123 "
"1","        2124 "
"1","        2125 "
"1","        2126 "
"1","        2127 "
"1","        2128 "
"1","        2129 "
"1","
"
"1","-18.83709349 "
"1","  7.43715411 "
"1"," -5.31288398 "
"1","-24.18977008 "
"1","-27.02181882 "
"1"," -4.02422138 "
"1","-20.71953418 "
"1","-10.38849408 "
"1","
"
"1","        2130 "
"1","        2131 "
"1","        2132 "
"1","        2133 "
"1","        2134 "
"1","        2135 "
"1","        2136 "
"1","        2137 "
"1","
"
"1"," 10.66363660 "
"1","-32.98732249 "
"1","-26.75067018 "
"1","-29.72362363 "
"1","-16.66220151 "
"1","-23.76603289 "
"1","-24.46479752 "
"1","-24.52793117 "
"1","
"
"1","        2138 "
"1","        2139 "
"1","        2140 "
"1","        2141 "
"1","        2142 "
"1","        2143 "
"1","        2144 "
"1","        2145 "
"1","
"
"1","-18.42402154 "
"1","  2.80776965 "
"1"," 18.30537462 "
"1","-26.87199478 "
"1"," -8.41252816 "
"1","-27.58799576 "
"1","-14.09030258 "
"1","-14.66462374 "
"1","
"
"1","        2146 "
"1","        2147 "
"1","        2148 "
"1","        2149 "
"1","        2150 "
"1","        2151 "
"1","        2152 "
"1","        2153 "
"1","
"
"1"," -5.16940200 "
"1","-20.28038472 "
"1","-35.49818558 "
"1"," 24.37350327 "
"1","-15.66351058 "
"1","-35.18537616 "
"1"," -9.90568616 "
"1","-22.58592886 "
"1","
"
"1","        2154 "
"1","        2155 "
"1","        2156 "
"1","        2157 "
"1","        2158 "
"1","        2159 "
"1","        2160 "
"1","        2161 "
"1","
"
"1","-17.05321095 "
"1","-29.93726816 "
"1","-35.37161611 "
"1","-30.20901850 "
"1"," 10.21296164 "
"1"," -4.15504515 "
"1","  3.88495420 "
"1","  7.98732109 "
"1","
"
"1","        2162 "
"1","        2163 "
"1","        2164 "
"1","        2165 "
"1","        2166 "
"1","        2167 "
"1","        2168 "
"1","        2169 "
"1","
"
"1","-34.67532415 "
"1"," -3.64315493 "
"1"," 13.98207509 "
"1"," 12.98010539 "
"1","  9.28054269 "
"1"," -9.35380027 "
"1"," -7.57115108 "
"1"," 12.91581560 "
"1","
"
"1","        2170 "
"1","        2171 "
"1","        2172 "
"1","        2173 "
"1","        2174 "
"1","        2175 "
"1","        2176 "
"1","        2177 "
"1","
"
"1","  7.67845299 "
"1"," 12.80079848 "
"1"," 34.27125628 "
"1","  6.88063685 "
"1"," 25.45067408 "
"1","  6.92680992 "
"1","  7.78665696 "
"1","  4.66147748 "
"1","
"
"1","        2178 "
"1","        2179 "
"1","        2180 "
"1","        2181 "
"1","        2182 "
"1","        2183 "
"1","        2184 "
"1","        2185 "
"1","
"
"1"," 11.42191472 "
"1","  6.71263827 "
"1","  2.94771296 "
"1"," 23.61976166 "
"1"," 25.78006920 "
"1"," 15.00714476 "
"1"," 18.54811035 "
"1","  0.65393939 "
"1","
"
"1","        2186 "
"1","        2187 "
"1","        2188 "
"1","        2189 "
"1","        2190 "
"1","        2191 "
"1","        2192 "
"1","        2193 "
"1","
"
"1"," 29.02212301 "
"1","  3.20085945 "
"1"," 26.51696087 "
"1"," 29.75134030 "
"1"," 19.05097820 "
"1"," 43.52526977 "
"1"," 13.36066873 "
"1","  9.12415953 "
"1","
"
"1","        2194 "
"1","        2195 "
"1","        2196 "
"1","        2197 "
"1","        2198 "
"1","        2199 "
"1","        2200 "
"1","        2201 "
"1","
"
"1","  0.69976030 "
"1"," 43.24374875 "
"1","-41.79966187 "
"1"," 20.77746356 "
"1"," 13.12717276 "
"1","-14.43772057 "
"1"," 25.28194878 "
"1"," -5.11076605 "
"1","
"
"1","        2202 "
"1","        2203 "
"1","        2204 "
"1","        2205 "
"1","        2206 "
"1","        2207 "
"1","        2208 "
"1","        2209 "
"1","
"
"1"," 15.78894086 "
"1"," 14.91302202 "
"1"," -4.70550788 "
"1"," 54.66323550 "
"1","  3.27868142 "
"1"," 41.86614472 "
"1"," 44.03664760 "
"1"," 39.01336547 "
"1","
"
"1","        2210 "
"1","        2211 "
"1","        2212 "
"1","        2213 "
"1","        2214 "
"1","        2215 "
"1","        2216 "
"1","        2217 "
"1","
"
"1"," 10.95511451 "
"1","  5.47344937 "
"1"," 13.45244061 "
"1"," -6.60574322 "
"1","-30.26610080 "
"1","-14.62125127 "
"1"," 25.05417757 "
"1"," -6.32992090 "
"1","
"
"1","        2218 "
"1","        2219 "
"1","        2220 "
"1","        2221 "
"1","        2222 "
"1","        2223 "
"1","        2224 "
"1","        2225 "
"1","
"
"1","  8.64293264 "
"1"," 48.80843810 "
"1"," 52.21545749 "
"1"," 45.48579878 "
"1"," 43.06377158 "
"1","-49.94430891 "
"1","  3.40005568 "
"1"," 42.01718680 "
"1","
"
"1","        2226 "
"1","        2227 "
"1","        2228 "
"1","        2229 "
"1","        2230 "
"1","        2231 "
"1","        2232 "
"1","        2233 "
"1","
"
"1"," 54.57355261 "
"1"," 40.76939768 "
"1"," 10.62210720 "
"1"," 38.90779840 "
"1"," 19.80429906 "
"1","  7.50730533 "
"1"," 31.19823296 "
"1"," 13.99966074 "
"1","
"
"1","        2234 "
"1","        2235 "
"1","        2236 "
"1","        2237 "
"1","        2238 "
"1","        2239 "
"1","        2240 "
"1","        2241 "
"1","
"
"1"," 14.33154352 "
"1"," 22.68886117 "
"1"," 40.66040610 "
"1"," 11.60854957 "
"1"," 39.44558415 "
"1"," 33.45340498 "
"1","  0.36453561 "
"1"," 43.29895917 "
"1","
"
"1","        2242 "
"1","        2243 "
"1","        2244 "
"1","        2245 "
"1","        2246 "
"1","        2247 "
"1","        2248 "
"1","        2249 "
"1","
"
"1"," 17.74441262 "
"1"," 26.39472544 "
"1","-19.42575045 "
"1"," 18.57848811 "
"1"," 43.89424601 "
"1"," 12.94120846 "
"1"," 33.68144817 "
"1","-31.27149276 "
"1","
"
"1","        2250 "
"1","        2251 "
"1","        2252 "
"1","        2253 "
"1","        2254 "
"1","        2255 "
"1","        2256 "
"1","        2257 "
"1","
"
"1","-32.75519938 "
"1"," 41.41091514 "
"1","-33.29147339 "
"1","-40.41348220 "
"1"," 45.27783460 "
"1","  6.66070822 "
"1"," 21.70384715 "
"1"," 40.82121034 "
"1","
"
"1","        2258 "
"1","        2259 "
"1","        2260 "
"1","        2261 "
"1","        2262 "
"1","        2263 "
"1","        2264 "
"1","        2265 "
"1","
"
"1","  7.73744919 "
"1","-28.80322616 "
"1","-19.33945463 "
"1"," 24.40332003 "
"1"," 34.13677729 "
"1"," 24.58917297 "
"1","-34.87399118 "
"1","-61.79655766 "
"1","
"
"1","        2266 "
"1","        2267 "
"1","        2268 "
"1","        2269 "
"1","        2270 "
"1","        2271 "
"1","        2272 "
"1","        2273 "
"1","
"
"1"," 47.02049526 "
"1","-27.60578457 "
"1"," 25.16233431 "
"1"," 40.90602722 "
"1"," 25.38867764 "
"1"," 15.13211067 "
"1","-38.99681873 "
"1"," 44.87196130 "
"1","
"
"1","        2274 "
"1","        2275 "
"1","        2276 "
"1","        2277 "
"1","        2278 "
"1","        2279 "
"1","        2280 "
"1","        2281 "
"1","
"
"1"," 30.89522603 "
"1","  9.99859915 "
"1"," 16.24699501 "
"1","  1.95357293 "
"1"," -6.25576975 "
"1","-24.43970430 "
"1","-12.44007926 "
"1","-15.00400988 "
"1","
"
"1","        2282 "
"1","        2283 "
"1","        2284 "
"1","        2285 "
"1","        2286 "
"1","        2287 "
"1","        2288 "
"1","        2289 "
"1","
"
"1"," -7.97763139 "
"1","-11.20782037 "
"1","-13.67390020 "
"1"," -3.19290669 "
"1"," -8.91378782 "
"1","-20.69787194 "
"1"," -7.23616852 "
"1","-14.76470240 "
"1","
"
"1","        2290 "
"1","        2291 "
"1","        2292 "
"1","        2293 "
"1","        2294 "
"1","        2295 "
"1","        2296 "
"1","        2297 "
"1","
"
"1"," 11.32959981 "
"1","  3.29875895 "
"1","-13.95358681 "
"1","-24.19891846 "
"1","-15.14804278 "
"1"," -9.96893416 "
"1","-20.83863620 "
"1"," -2.58906948 "
"1","
"
"1","        2298 "
"1","        2299 "
"1","        2300 "
"1","        2301 "
"1","        2302 "
"1","        2303 "
"1","        2304 "
"1","        2305 "
"1","
"
"1","  2.17361664 "
"1"," -2.57856101 "
"1","  1.17657523 "
"1"," -8.90143613 "
"1","-31.49364512 "
"1"," -7.87274019 "
"1","-11.09090355 "
"1","-28.83918436 "
"1","
"
"1","        2306 "
"1","        2307 "
"1","        2308 "
"1","        2309 "
"1","        2310 "
"1","        2311 "
"1","        2312 "
"1","        2313 "
"1","
"
"1","-32.59165925 "
"1","-24.87469678 "
"1","-22.53844134 "
"1","-13.04500419 "
"1","-18.38423334 "
"1","-16.86736787 "
"1","  0.98404253 "
"1","-20.35996560 "
"1","
"
"1","        2314 "
"1","        2315 "
"1","        2316 "
"1","        2317 "
"1","        2318 "
"1","        2319 "
"1","        2320 "
"1","        2321 "
"1","
"
"1"," -6.54209319 "
"1"," -8.90952524 "
"1","-19.59071228 "
"1","-13.73666776 "
"1","-21.89847108 "
"1","-15.39725298 "
"1","-23.28386679 "
"1"," -3.99439804 "
"1","
"
"1","        2322 "
"1","        2323 "
"1","        2324 "
"1","        2325 "
"1","        2326 "
"1","        2327 "
"1","        2328 "
"1","        2329 "
"1","
"
"1"," -0.48966336 "
"1"," -0.50105223 "
"1"," -9.34600562 "
"1","-21.69733794 "
"1","  4.81862685 "
"1"," 10.95373612 "
"1"," -0.13924896 "
"1"," -9.39129386 "
"1","
"
"1","        2330 "
"1","        2331 "
"1","        2332 "
"1","        2333 "
"1","        2334 "
"1","        2335 "
"1","        2336 "
"1","        2337 "
"1","
"
"1","-22.95538029 "
"1","-13.21312784 "
"1","-28.45386310 "
"1","-11.02644415 "
"1"," -7.06436491 "
"1","-14.11367508 "
"1","  1.86363943 "
"1","-23.10593501 "
"1","
"
"1","        2338 "
"1","        2339 "
"1","        2340 "
"1","        2341 "
"1","        2342 "
"1","        2343 "
"1","        2344 "
"1","        2345 "
"1","
"
"1","  0.68139330 "
"1","-17.38422262 "
"1"," -4.63328538 "
"1","-15.17000968 "
"1","  1.04064758 "
"1"," -8.73009346 "
"1","  5.03637752 "
"1","  3.18045921 "
"1","
"
"1","        2346 "
"1","        2347 "
"1","        2348 "
"1","        2349 "
"1","        2350 "
"1","        2351 "
"1","        2352 "
"1","        2353 "
"1","
"
"1"," -1.49727952 "
"1","  8.05008265 "
"1","  3.14234592 "
"1"," 11.80937222 "
"1"," 10.31292909 "
"1","  3.00785949 "
"1","  1.65194095 "
"1"," -7.19317292 "
"1","
"
"1","        2354 "
"1","        2355 "
"1","        2356 "
"1","        2357 "
"1","        2358 "
"1","        2359 "
"1","        2360 "
"1","        2361 "
"1","
"
"1","  2.15175275 "
"1","  6.22194752 "
"1","-50.10522708 "
"1","-12.22844057 "
"1","  4.26348396 "
"1","  3.38678921 "
"1","  1.08145511 "
"1"," -5.84426370 "
"1","
"
"1","        2362 "
"1","        2363 "
"1","        2364 "
"1","        2365 "
"1","        2366 "
"1","        2367 "
"1","        2368 "
"1","        2369 "
"1","
"
"1","  6.30340616 "
"1"," -8.72534064 "
"1","-37.03375424 "
"1"," -8.68077335 "
"1","  6.51151296 "
"1","-11.49069003 "
"1","  4.00450611 "
"1","  3.71544186 "
"1","
"
"1","        2370 "
"1","        2371 "
"1","        2372 "
"1","        2373 "
"1","        2374 "
"1","        2375 "
"1","        2376 "
"1","        2377 "
"1","
"
"1","-13.30320348 "
"1","  2.51671635 "
"1"," 18.33927605 "
"1","  6.58742992 "
"1"," -0.94962287 "
"1"," 12.24430579 "
"1","  2.66106895 "
"1"," -5.24313031 "
"1","
"
"1","        2378 "
"1","        2379 "
"1","        2380 "
"1","        2381 "
"1","        2382 "
"1","        2383 "
"1","        2384 "
"1","        2385 "
"1","
"
"1","  9.96062886 "
"1","  2.02424202 "
"1","  7.84029253 "
"1"," -0.41660656 "
"1"," -3.76120045 "
"1","-25.35502804 "
"1","  3.62372352 "
"1"," -5.34456061 "
"1","
"
"1","        2386 "
"1","        2387 "
"1","        2388 "
"1","        2389 "
"1","        2390 "
"1","        2391 "
"1","        2392 "
"1","        2393 "
"1","
"
"1","  4.48077595 "
"1","-17.96447610 "
"1"," 17.62375971 "
"1"," -5.40632298 "
"1","-22.63277876 "
"1"," -4.26250137 "
"1"," 23.08857690 "
"1","  5.88973711 "
"1","
"
"1","        2394 "
"1","        2395 "
"1","        2396 "
"1","        2397 "
"1","        2398 "
"1","        2399 "
"1","        2400 "
"1","        2401 "
"1","
"
"1","-25.42549856 "
"1"," -3.00294694 "
"1"," 12.46539765 "
"1","  5.98682410 "
"1"," -0.75189169 "
"1","  0.01006393 "
"1"," -8.37041546 "
"1","  3.00460280 "
"1","
"
"1","        2402 "
"1","        2403 "
"1","        2404 "
"1","        2405 "
"1","        2406 "
"1","        2407 "
"1","        2408 "
"1","        2409 "
"1","
"
"1","-35.68945901 "
"1","-29.68048065 "
"1"," -2.60560895 "
"1","-18.99267244 "
"1","-25.34291765 "
"1","  4.04791921 "
"1","  2.82369293 "
"1","  1.84094436 "
"1","
"
"1","        2410 "
"1","        2411 "
"1","        2412 "
"1","        2413 "
"1","        2414 "
"1","        2415 "
"1","        2416 "
"1","        2417 "
"1","
"
"1","  0.66919270 "
"1","  3.00807048 "
"1","  4.82110257 "
"1","  0.53926833 "
"1","  3.51722355 "
"1","-52.07075325 "
"1","  0.64988631 "
"1","  1.19272759 "
"1","
"
"1","        2418 "
"1","        2419 "
"1","        2420 "
"1","        2421 "
"1","        2422 "
"1","        2423 "
"1","        2424 "
"1","        2425 "
"1","
"
"1","-37.54033813 "
"1","  2.84094834 "
"1"," -0.32296091 "
"1","-28.81155205 "
"1"," 20.79672811 "
"1"," 11.01140589 "
"1","  4.77880647 "
"1","  0.77666011 "
"1","
"
"1","        2426 "
"1","        2427 "
"1","        2428 "
"1","        2429 "
"1","        2430 "
"1","        2431 "
"1","        2432 "
"1","        2433 "
"1","
"
"1","  3.94161581 "
"1","-11.83092118 "
"1","  5.75960130 "
"1","  8.29598525 "
"1","  3.43085115 "
"1","-27.87919718 "
"1","-11.43472152 "
"1","  8.17113631 "
"1","
"
"1","        2434 "
"1","        2435 "
"1","        2436 "
"1","        2437 "
"1","        2438 "
"1","        2439 "
"1","        2440 "
"1","        2441 "
"1","
"
"1","  4.98354737 "
"1","  6.48793833 "
"1"," 11.99051087 "
"1","-23.23403129 "
"1","-49.65948702 "
"1"," 41.42285149 "
"1","-50.80426449 "
"1","-26.90569696 "
"1","
"
"1","        2442 "
"1","        2443 "
"1","        2444 "
"1","        2445 "
"1","        2446 "
"1","        2447 "
"1","        2448 "
"1","        2449 "
"1","
"
"1"," 17.34475570 "
"1"," 43.79513580 "
"1"," 18.44293301 "
"1"," -8.77151250 "
"1"," -8.90127092 "
"1","-28.75362006 "
"1","  1.18943125 "
"1","-33.50067807 "
"1","
"
"1","        2450 "
"1","        2451 "
"1","        2452 "
"1","        2453 "
"1","        2454 "
"1","        2455 "
"1","        2456 "
"1","        2457 "
"1","
"
"1"," 10.68998612 "
"1","-10.55646945 "
"1"," 25.28129940 "
"1"," -9.86069740 "
"1"," 11.36669457 "
"1","-41.74009134 "
"1"," 30.80376140 "
"1","-31.30529141 "
"1","
"
"1","        2458 "
"1","        2459 "
"1","        2460 "
"1","        2461 "
"1","        2462 "
"1","        2463 "
"1","        2464 "
"1","        2465 "
"1","
"
"1","-13.11437582 "
"1","  9.68026752 "
"1"," 14.11368386 "
"1"," 23.70052618 "
"1","-10.45102437 "
"1"," 18.47487362 "
"1"," -9.91825763 "
"1","  1.64546093 "
"1","
"
"1","        2466 "
"1","        2467 "
"1","        2468 "
"1","        2469 "
"1","        2470 "
"1","        2471 "
"1","        2472 "
"1","        2473 "
"1","
"
"1","  2.38764706 "
"1"," 36.43714911 "
"1"," 39.69615879 "
"1"," 25.94147787 "
"1"," 22.71203603 "
"1","  0.16845722 "
"1"," 34.57689896 "
"1","-38.87083976 "
"1","
"
"1","        2474 "
"1","        2475 "
"1","        2476 "
"1","        2477 "
"1","        2478 "
"1","        2479 "
"1","        2480 "
"1","        2481 "
"1","
"
"1"," 31.56731860 "
"1"," 21.58773308 "
"1"," 29.46628193 "
"1"," 43.85301568 "
"1"," -2.14298550 "
"1","-28.50511787 "
"1"," -7.73366400 "
"1"," 45.40965666 "
"1","
"
"1","        2482 "
"1","        2483 "
"1","        2484 "
"1","        2485 "
"1","        2486 "
"1","        2487 "
"1","        2488 "
"1","        2489 "
"1","
"
"1"," 32.05419020 "
"1"," 11.28553107 "
"1","  0.76069679 "
"1","  0.87461898 "
"1"," -4.06439466 "
"1"," 26.84253567 "
"1"," -1.91446613 "
"1"," 36.17771651 "
"1","
"
"1","        2490 "
"1","        2491 "
"1","        2492 "
"1","        2493 "
"1","        2494 "
"1","        2495 "
"1","        2496 "
"1","        2497 "
"1","
"
"1","-17.23748463 "
"1","-45.81098471 "
"1","-20.67289540 "
"1","-48.16187139 "
"1"," 34.77212598 "
"1"," 23.98982570 "
"1","-51.30755832 "
"1","-24.59559724 "
"1","
"
"1","        2498 "
"1","        2499 "
"1","        2500 "
"1","        2501 "
"1","        2502 "
"1","        2503 "
"1","        2504 "
"1","        2505 "
"1","
"
"1","  2.35522850 "
"1"," 34.59580276 "
"1","  9.80346657 "
"1"," 46.29713875 "
"1","  1.79274129 "
"1"," 20.88325339 "
"1"," -4.43913853 "
"1"," 34.82389346 "
"1","
"
"1","        2506 "
"1","        2507 "
"1","        2508 "
"1","        2509 "
"1","        2510 "
"1","        2511 "
"1","        2512 "
"1","        2513 "
"1","
"
"1"," -1.45564797 "
"1","  9.64493899 "
"1"," 24.94120667 "
"1"," 27.95535604 "
"1","  5.69200574 "
"1","-26.76820989 "
"1"," -1.83012867 "
"1"," -4.92989002 "
"1","
"
"1","        2514 "
"1","        2515 "
"1","        2516 "
"1","        2517 "
"1","        2518 "
"1","        2519 "
"1","        2520 "
"1","        2521 "
"1","
"
"1","-21.99375799 "
"1","  1.43228429 "
"1","-32.15023069 "
"1","  7.98981052 "
"1"," 22.25678263 "
"1"," -1.62302776 "
"1","-27.93795288 "
"1","-41.46081358 "
"1","
"
"1","        2522 "
"1","        2523 "
"1","        2524 "
"1","        2525 "
"1","        2526 "
"1","        2527 "
"1","        2528 "
"1","        2529 "
"1","
"
"1","-32.74706771 "
"1","  3.85030758 "
"1"," 10.34095393 "
"1","  5.66715816 "
"1"," 33.66636405 "
"1"," 22.42770053 "
"1"," 43.51505306 "
"1"," 40.74683508 "
"1","
"
"1","        2530 "
"1","        2531 "
"1","        2532 "
"1","        2533 "
"1","        2534 "
"1","        2535 "
"1","        2536 "
"1","        2537 "
"1","
"
"1","  8.76128728 "
"1"," 29.84667738 "
"1","-45.18174921 "
"1"," 34.75822085 "
"1","-25.38814265 "
"1","-48.01440778 "
"1","-42.64645440 "
"1","-16.81268660 "
"1","
"
"1","        2538 "
"1","        2539 "
"1","        2540 "
"1","        2541 "
"1","        2542 "
"1","        2543 "
"1","        2544 "
"1","        2545 "
"1","
"
"1","-64.85377403 "
"1","-61.49010320 "
"1"," -6.79930641 "
"1","-12.29653102 "
"1","-56.51658886 "
"1","-56.67262215 "
"1","-46.03637984 "
"1","-53.30404103 "
"1","
"
"1","        2546 "
"1","        2547 "
"1","        2548 "
"1","        2549 "
"1","        2550 "
"1","        2551 "
"1","        2552 "
"1","        2553 "
"1","
"
"1","-49.75751897 "
"1","-51.35034826 "
"1","-39.89791605 "
"1","-53.35514647 "
"1"," -3.42280878 "
"1","-55.90318263 "
"1","-21.42728815 "
"1","-22.83810937 "
"1","
"
"1","        2554 "
"1","        2555 "
"1","        2556 "
"1","        2557 "
"1","        2558 "
"1","        2559 "
"1","        2560 "
"1","        2561 "
"1","
"
"1","  5.80430007 "
"1","-14.54423294 "
"1","-39.01532504 "
"1","-60.46825169 "
"1","-65.90795740 "
"1","-50.90486075 "
"1","-16.30434673 "
"1"," -8.33110831 "
"1","
"
"1","        2562 "
"1","        2563 "
"1","        2564 "
"1","        2565 "
"1","        2566 "
"1","        2567 "
"1","        2568 "
"1","        2569 "
"1","
"
"1","-43.73449274 "
"1","-40.00586798 "
"1"," -9.84685142 "
"1","-62.70354891 "
"1","  3.14058067 "
"1","-44.52031723 "
"1","-25.13578091 "
"1","-55.39920979 "
"1","
"
"1","        2570 "
"1","        2571 "
"1","        2572 "
"1","        2573 "
"1","        2574 "
"1","        2575 "
"1","        2576 "
"1","        2577 "
"1","
"
"1","-10.37467220 "
"1","-45.69241225 "
"1"," -7.00661714 "
"1","-43.89013779 "
"1","-40.52960567 "
"1"," -6.29442358 "
"1","-36.27204614 "
"1","-43.37006768 "
"1","
"
"1","        2578 "
"1","        2579 "
"1","        2580 "
"1","        2581 "
"1","        2582 "
"1","        2583 "
"1","        2584 "
"1","        2585 "
"1","
"
"1","-39.05032431 "
"1","-63.28317663 "
"1","-48.71768165 "
"1","-40.23731848 "
"1","-32.61664249 "
"1","-37.52656669 "
"1","-37.07717783 "
"1","-54.31020693 "
"1","
"
"1","        2586 "
"1","        2587 "
"1","        2588 "
"1","        2589 "
"1","        2590 "
"1","        2591 "
"1","        2592 "
"1","        2593 "
"1","
"
"1","-60.53462586 "
"1","-21.69786158 "
"1","-38.59109135 "
"1","-13.90791672 "
"1","-62.42348900 "
"1","-52.28203255 "
"1","-58.66909466 "
"1"," -7.29374145 "
"1","
"
"1","        2594 "
"1","        2595 "
"1","        2596 "
"1","        2597 "
"1","        2598 "
"1","        2599 "
"1","        2600 "
"1","        2601 "
"1","
"
"1","-35.69227708 "
"1","-50.26871321 "
"1","-63.33808360 "
"1","-59.08581120 "
"1","  8.54350486 "
"1","-32.79310339 "
"1","-19.75966576 "
"1","-23.59425838 "
"1","
"
"1","        2602 "
"1","        2603 "
"1","        2604 "
"1","        2605 "
"1","        2606 "
"1","        2607 "
"1","        2608 "
"1","        2609 "
"1","
"
"1","-54.69530066 "
"1","-57.28336005 "
"1","-58.81869728 "
"1","-33.77979436 "
"1","-63.32504863 "
"1","-36.26668271 "
"1","  2.53356587 "
"1","-11.57796952 "
"1","
"
"1","        2610 "
"1","        2611 "
"1","        2612 "
"1","        2613 "
"1","        2614 "
"1","        2615 "
"1","        2616 "
"1","        2617 "
"1","
"
"1","-33.57832161 "
"1","-49.58123800 "
"1","-61.11688461 "
"1","-53.17520550 "
"1","-12.08318235 "
"1","-36.51770865 "
"1","-57.35918052 "
"1","-54.94888763 "
"1","
"
"1","        2618 "
"1","        2619 "
"1","        2620 "
"1","        2621 "
"1","        2622 "
"1","        2623 "
"1","        2624 "
"1","        2625 "
"1","
"
"1","-50.25016909 "
"1","-56.83628991 "
"1","-13.16889558 "
"1","-71.14702430 "
"1","-56.49726074 "
"1","-61.38467152 "
"1"," 13.59869887 "
"1","-63.88621269 "
"1","
"
"1","        2626 "
"1","        2627 "
"1","        2628 "
"1","        2629 "
"1","        2630 "
"1","        2631 "
"1","        2632 "
"1","        2633 "
"1","
"
"1","-60.82267217 "
"1"," -5.93054481 "
"1","-37.00752889 "
"1","-40.64866875 "
"1","-48.84427564 "
"1","-35.76849587 "
"1","-44.31184900 "
"1","-66.03529593 "
"1","
"
"1","        2634 "
"1","        2635 "
"1","        2636 "
"1","        2637 "
"1","        2638 "
"1","        2639 "
"1","        2640 "
"1","        2641 "
"1","
"
"1","-64.49753699 "
"1","-32.07741176 "
"1","-34.69318516 "
"1"," -6.47147924 "
"1","-59.70017178 "
"1","-43.12957201 "
"1","-54.65321222 "
"1","-12.94758424 "
"1","
"
"1","        2642 "
"1","        2643 "
"1","        2644 "
"1","        2645 "
"1","        2646 "
"1","        2647 "
"1","        2648 "
"1","        2649 "
"1","
"
"1","-44.90735893 "
"1","-46.80436586 "
"1","-43.82708460 "
"1","-56.89197343 "
"1","  4.31587679 "
"1"," -5.64928917 "
"1","-59.56909775 "
"1"," -5.33509445 "
"1","
"
"1","        2650 "
"1","        2651 "
"1","        2652 "
"1","        2653 "
"1","        2654 "
"1","        2655 "
"1","        2656 "
"1","        2657 "
"1","
"
"1","-59.43796246 "
"1","-62.97820732 "
"1","-55.19746106 "
"1","-59.02758161 "
"1","-61.90570437 "
"1","-58.88342354 "
"1","-63.40454139 "
"1","-60.53507840 "
"1","
"
"1","        2658 "
"1","        2659 "
"1","        2660 "
"1","        2661 "
"1","        2662 "
"1","        2663 "
"1","        2664 "
"1","        2665 "
"1","
"
"1","-58.53359171 "
"1","-59.53494021 "
"1","-31.55361848 "
"1","-47.26573546 "
"1","-36.58015329 "
"1"," -5.90488992 "
"1","-59.99364457 "
"1","-54.39247732 "
"1","
"
"1","        2666 "
"1","        2667 "
"1","        2668 "
"1","        2669 "
"1","        2670 "
"1","        2671 "
"1","        2672 "
"1","        2673 "
"1","
"
"1","-35.55604166 "
"1","-61.50207895 "
"1","-43.06265894 "
"1","-17.35324104 "
"1","-61.82023606 "
"1","-33.50448050 "
"1"," -6.08714247 "
"1","-57.23241496 "
"1","
"
"1","        2674 "
"1","        2675 "
"1","        2676 "
"1","        2677 "
"1","        2678 "
"1","        2679 "
"1","        2680 "
"1","        2681 "
"1","
"
"1","-41.76115236 "
"1","-68.16781408 "
"1","-62.05030805 "
"1","-51.59007218 "
"1","-48.61846028 "
"1","-57.01916509 "
"1","-12.36250083 "
"1","-62.41352778 "
"1","
"
"1","        2682 "
"1","        2683 "
"1","        2684 "
"1","        2685 "
"1","        2686 "
"1","        2687 "
"1","        2688 "
"1","        2689 "
"1","
"
"1","-65.18812992 "
"1"," 18.83006813 "
"1","-57.66997521 "
"1","-60.76015795 "
"1","-39.37985264 "
"1","-57.97972729 "
"1","-59.15956406 "
"1","-59.79588961 "
"1","
"
"1","        2690 "
"1","        2691 "
"1","        2692 "
"1","        2693 "
"1","        2694 "
"1","        2695 "
"1","        2696 "
"1","        2697 "
"1","
"
"1","-57.44291050 "
"1","-52.06734300 "
"1","-64.56497642 "
"1","-44.25221286 "
"1","-57.57998361 "
"1","  4.10898305 "
"1","  5.43925698 "
"1","-34.72885991 "
"1","
"
"1","        2698 "
"1","        2699 "
"1","        2700 "
"1","        2701 "
"1","        2702 "
"1","        2703 "
"1","        2704 "
"1","        2705 "
"1","
"
"1","-25.18071688 "
"1","-47.87283660 "
"1","-40.40249301 "
"1","-32.16990065 "
"1","-44.51200211 "
"1","-13.13508255 "
"1"," -0.06306748 "
"1","-38.25115604 "
"1","
"
"1","        2706 "
"1","        2707 "
"1","        2708 "
"1","        2709 "
"1","        2710 "
"1","        2711 "
"1","        2712 "
"1","        2713 "
"1","
"
"1","-62.56638247 "
"1","-49.97027207 "
"1","-56.46378466 "
"1","-58.20366385 "
"1"," 10.43190326 "
"1"," -6.92618021 "
"1"," 14.54492628 "
"1","  7.46642627 "
"1","
"
"1","        2714 "
"1","        2715 "
"1","        2716 "
"1","        2717 "
"1","        2718 "
"1","        2719 "
"1","        2720 "
"1","        2721 "
"1","
"
"1","  4.79146244 "
"1","  4.91606515 "
"1","-10.40988427 "
"1","  7.49475289 "
"1"," -0.93847478 "
"1"," 12.27867466 "
"1"," -4.55972825 "
"1"," 10.29294092 "
"1","
"
"1","        2722 "
"1","        2723 "
"1","        2724 "
"1","        2725 "
"1","        2726 "
"1","        2727 "
"1","        2728 "
"1","        2729 "
"1","
"
"1","  3.70373278 "
"1","  0.95469044 "
"1","  6.26643692 "
"1","  4.39160706 "
"1","-12.44133543 "
"1","-12.41016575 "
"1"," -2.41354175 "
"1"," -0.72331900 "
"1","
"
"1","        2730 "
"1","        2731 "
"1","        2732 "
"1","        2733 "
"1","        2734 "
"1","        2735 "
"1","        2736 "
"1","        2737 "
"1","
"
"1"," 10.05810349 "
"1"," -2.75251032 "
"1"," -2.00007057 "
"1","-14.81161246 "
"1"," -3.10516005 "
"1","-12.18253858 "
"1","  2.14119142 "
"1","  5.61046533 "
"1","
"
"1"," [ reached getOption(""max.print"") -- omitted 131 entries ]
"
